--CAUTION h2 se tu dong doi ten column

insert into userr (id , user_full_name, user_user_name, user_password, user_email, user_role)
values
    (1001, 'Nguyen Trong Nghia', 'nghia', 'Zet411632', 'zetnguyen17@gmail.com', 'user'),
    (1002, 'Duong Khanh Duy', 'duy', 'Duy03032002', 'kingstonduy.duong@gmail.com', 'user'),
    (1003, 'Lam Quoc Dinh', 'dinh', 'Zet411632', 'ITITIU20002@gmail.com', 'user'),
    (1004, 'Nguyen Thi Ngoc Binh', 'binh', 'Zet411632', 'ngocbinh@gmail.com', 'user'),
    (1005, 'Nguyen Giang Ngoc', 'gingc', 'Duy03032002', 'nguyengiangngoc2002@gmail.com', 'user'),
    (1006, 'Nguyen van E', 'zet', 'Zet411632', 'Nguyen Van E email', 'user');


insert into Product(id , product_Name, product_Quantity, product_Category, product_Price, product_Description, product_Image_Url)
values
    (1, 'Nutro Ultra Adult Dry Dog Food, 30 lbs', 18, 'food', 90, 'Ultra Adult Dry Dog Food is a nutrient dense, premium kibble, with all natural fruits and vegetables, such as blueberries, spinach and pomegranate. These premium ingredients provide high levels of antioxidants to give your dog a healthy heart, a strong immune system and a Shiny Coat. Like all Ultra Food for Dogs, it is made using only natural ingredients to support overall wellness, vitality and performance.', 'https://www.petproducts.com/static/upload/products/mars-petcare/-nutro-ultra-adult-dry-dog-food-30-lbs/10090274-Ultra-dry-dog-front.jpg'),
    (2, 'Blue Buffalo Freedom Grain Free Chicken Recipe for Adult Indoor Cats, 11 lbs', 30, 'food', 45, 'STARTS WITH REAL CHICKEN: A recipe with delicious, real chicken as the first ingredient, this dry cat food features the high-quality ingredients you can feel good about feeding your feline friend without the grains that contain gluten. GRAIN FREE CAT FOOD: BLUE Freedom grain free indoor cat food is specially formulated to help meet the unique needs of indoor cats including natural fiber sources to promote healthy digestion and carefully balanced calories to help maintain healthy body weight. WITH LIFESOURCE BITS: This formula contains BLUE’s exclusive LifeSource Bits – a precise blend of antioxidants, vitamins and minerals carefully selected by holistic veterinarians and animal nutritionists to support immune system health, life stage requirements, and a healthy oxidative balance. NATURAL CAT FOOD: BLUE dry cat food is formulated for the health and well-being of your adult cat and features the finest natural ingredients enhanced with vitamins and minerals. It never contains chicken (or poultry) by-product meals, corn, wheat, soy, artificial flavors or preservatives. NATURAL CAT FOOD: BLUE dry cat food is formulated for the health and well-being of your adult cat and features the finest natural ingredients enhanced with vitamins and minerals. It never contains chicken (or poultry) by-product meals, corn, wheat, soy, artificial flavors or preservatives.', 'https://www.petproducts.com/static/upload/products/blue-buffalo-freedom-grain-free-chicken-recipe-for-adult-indoor-cats-11-lbs/859610007073-2.jpg'),
    (3, 'Vital Essentials Freeze-Dried Grain Free Beef Nibblets, 1 lb', 26, 'food', 30, 'Your dogs knows what that they want for dinner – real meat. Locally sourced from America’s heartland, Freeze-Dried grain-free Beef Nibblets are made with the perfect blend of fresh, wholesome beef, organs and bones, just as nature intended. Serve as a complete and balanced meal, a nutritious treat, or mixed in with kibble. Give your dog the benefits of a raw food diet with the convenience of this freeze-dried entree.', 'https://www.petproducts.com/static/upload/products/vital-essentials2/-vital-essentials-freeze-dried-grain-free-beef-nibblets-1-lb/033211008947_Vital%20Essentials_Freeze-Dried%20Nibblets_Beef_1%20lb_1.png'),
    (4, 'Stella & Chewy''s Chewy''s Chicken Dinner Patties Freeze-Dried Raw Dog Food, 14 oz', 42, 'food', 36, 'Give your dog what he naturally craves with Stella & Chewy''s Chewy''s Chicken Dinner Patties Freeze-Dried Raw Dog Food. Based on the philosophy that dogs thrive on the same diet they would eat in the wild, this all-natural recipe makes it easy to feed your best friend only the good stuff. Made from sustainably-sourced ingredients and raw, single-source protein, this recipe starts with 95% cage-free chicken, organs and bone, plus 100% certified-organic fruits and vegetables—offering the benefits of raw food nutrition with the convenience of freeze-dried preparation. And to ensure the highest quality, each batch is made with care in Stella & Chewy’s own U.S.-kitchen. Key Benefits Made with cage-free chicken raised without hormones or antibiotics and 100% organic-certified fruits and vegetables. Real raw nutrition in the convenience of freeze-dried patties; serve as is or rehydrate by adding water. Formulated to mimic a canine’s natural diet; never contains grains, gluten, fillers, artificial preservatives or colorings. Complete and balanced nutrition is enhanced with probiotics to aid in healthy digestion—perfect for the pup with a sensitive stomach. Proudly made in the USA with ingredients responsibly sourced from trusted and reputable suppliers. Precautions Stella & Chewy''s products must always remain raw when feeding. Please do not cook, heat, or microwave the products. If rehydrating, use cool or warm (never hot) water. Please note patty count per bag may vary slightly due to the product being filled by weight. 5.5-oz bag: approx. 11 patties. 14-oz bag: approx. 28 patties. 25-oz bag: approx. 50 patties.', 'https://www.petproducts.com/static/upload/products/stella+chewys/-stella+chewys-chewys-chicken-dinner-patties-freeze-dried-raw-dog-food-14-oz/186011000045.jpg'),
    (5, 'Nulo Freestyle Grain Free Salmon & Peas Recipe Puppy Dry Dog Food, 11 lbs', 20, 'food', 41, 'Nulo FreeStyle gives every puppy the healthy start they deserve. With 80% of proteins coming from real meat, you can be sure your pup is getting all the amino acids they need to fuel growing muscles. DHA fatty acids also support brain & eye development and Nulo''s guaranteed calcium levels promote strong teeth & bones. And with the flavor of our grain-free salmon and peas recipe, your puppy will come running for every bowl. Key Benefits A grain-free puppy formula free of chicken or egg proteins Made with low glycemic index ingredients and added calcium and phosphorous for strong bones Contains 80% animal-based proteins and DHA from real salmon that growing puppies need Wholesome vegetables and fruits to support optimal immune health Omega-3 and omega-6 fatty acids will give your pup brilliant skin and coat', 'https://www.petproducts.com/static/upload/products/nulo/-nulo-freestyle-grain-free-salmon+peas-recipe-puppy-dry-dog-food-11-lbs/811939020058.jpeg'),
    (6, 'Blue Buffalo Cat Healthy Living Kitten Chicken Brown Rice 7 lbs', 48, 'food', 29, 'Give your kitten some kibble to help her grow up healthy. Blue Buffalo’s Healthy Growth Kitten Chicken & Brown Rice Recipe Dry Cat Food is made from some of the finest natural ingredients and enhanced with vitamins and minerals. This delectable kitten food has real chicken as the very first ingredient and includes nutritious grains, veggies and fruit. It also includes BLUE’s exclusive LifeSource Bits—a combination of selected antioxidants, minerals and vitamins picked by veterinarians and animal nutritionists to support your kitten’s overall health and wellness. Now your paw-tner really has something to purr about! Key Benefits Starts with real deboned chicken first for the high-quality protein your growing kitten needs to build strong muscles. Features wholesome grains, garden veggies and fruit. Contains DHA, ARA and choline to support brain and eye health in kittens. Made with LifeSource Bits—a blend of antioxidants, minerals and vitamins chosen by vets and animal nutritionists to support your pet''s immune health, life stage requirements and a healthy oxidative balance. All-natural kitten kibble made without poultry by-product meals, corn, wheat, soy, artificial flavors or preservatives.', 'https://www.petproducts.com/static/upload/products/blue-buffalo-cat-healthy-living-kitten-chicken-brown-rice-7-lbs/859610000647-2.jpg'),
    (7, 'Stella & Chewy''s Chick Chick Chicken Dinner Morsels Freeze-Dried Raw Cat Food, 3.5 oz', 45, 'food', 11, 'Give your cat what he naturally craves with Stella & Chewy''s Chick Chick Chicken Dinner Morsels Freeze-Dried Raw Cat Food. Based on the philosophy that pets thrive on the same diet they would eat in the wild, the all-natural recipe makes it easy to feed your cat only the good stuff. Made from sustainably-sourced ingredients and raw protein, this recipe starts with 98% cage-free poultry, organs, and bone—offering the benefits of raw food nutrition with the convenience of freeze-dried preparation. And to ensure the highest quality, each batch is made with care in the USA in Stella & Chewy’s own kitchen. Key Benefits Real raw nutrition in the convenience of freeze-dried. Serve as is or rehydrate by adding warm water. Made in Stella & Chewy''s own USA kitchen with cage-free poultry and 100% organic-certified fruits and vegetables. Never contains grains, gluten, fillers, artificial preservatives, or colorings. Simple, pristine recipe with limited ingredients and rich in protein. Pet parents and vets report raw feeding supports an improved appetite, digestion, immune system, teeth and gum health, skin and coat, and can help relieve allergies. Precautions Stella & Chewy''s products must always remain raw when feeding. Please do not cook, heat, or microwave the products. If rehydrating, use cool or warm (never hot) water.', 'https://www.petproducts.com/static/upload/products/stella+chewys/-stella+chewys-chick-chick-chicken-dinner-morsels-freeze-dried-raw-cat-food-35-oz/186011001066.jpg'),
    (8, 'Nulo Freestyle Grain Free Chicken & Cod Recipe Dry Cat & Kitten Food, 5 lbs', 17, 'food', 23, 'Our feline friends require nutrition that helps maintain lean muscles without excess calories. That’s why this grain-free chicken & cod recipe is formulated with 83% animal-based proteins and low glycemic index ingredients, making it perfect for growing kittens to adult cats. Key Benefits Grain-free formula is ideal for cats and kittens. Specially made disk-shaped kibble feature a texture and taste that cats love. Also formulated free from potatoes or tapioca. The first four ingredients are deboned chicken, chicken meal, turkey meal and deboned cod. Nulo’s special poultry and fish blend provides plenty of the protein cats and kittens need to grow and maintain lean muscle mass. Made with only the finest ingredients around, this product is forged with 83% animal-based proteins. A balanced amount of Omega-3 and Omega-6 fatty acids nourish your cat’s skin and help promote a beautiful shiny coat. Made to provide a number of benefits for numerous diet requirements. Nulo is powered by a pure probiotic strain that supports gastrointestinal health. Also an ideal diet for cats who need a low carbohydrate and glycemic food regimen. Dried chicory root, dried kelp and the antioxidants Vitamin C & Vitamin E promote overall health. Vitamin A and Taurine support vision and healthy heart function', 'https://www.petproducts.com/static/upload/products/nulo/-nulo-freestyle-grain-free-chicken+cod-recipe-dry-cat+kitten-food-5-lbs/811939020157.jpeg'),
    (9, 'Grandma Lucy''s Artisan Freeze Dried Grain Free Cat Food - Chicken & Fish Recipe, 1 lb (0.45kg)', 40, 'food', 11, 'Crafted with the belief that your favorite feline deserves the same great quality of food as you, Grandma Lucy''s Artisan Grain-Free Chicken & Fish Freeze-Dried Cat Food is made using the highest quality ingredients from trusted restaurant suppliers. Every single ingredient is chosen with a specific benefit in mind, inspected for quality and prepared in small batches at their family-owned California facility. From anti-inflammatory properties to maintaining a healthy digestive system and heart, it’s the easy way for your furry friend to eat her way to better health. This all-natural, grain-free recipe is an ideal choice for the kitty with food allergies or sensitivities.', 'https://www.petproducts.com/static/upload/products/grandma-lucys/-grandma-lucys-artisan-freeze-dried-grain-free-cat-food-chicken+fish-recipe-1-lb-045kg/1lb_artisan_cat.png'),
    (10, 'Blue Buffalo Indoor Health Adult Cat Food Chicken and Brown Rice Recipe, 5 lb', 42, 'food', 43, 'Formulated to support the health and well-being of your indoor cat, BLUE for Cats starts with delicious deboned chicken and is packed with wholesome whole grains and garden vegetables.', 'https://www.petproducts.com/static/upload/products/assorted/blue-buffalo--indoor-health-adult-cat-food-chicken-and-brown-rice-recipe-5-lb/0tgsfh3.jpg'),
    (11, 'Caru Pet Food Classic Chicken Stew Grain-Free Wet Cat Food, 6 oz', 47, 'food', 3, 'If you have a cat whos super-picky or simply hungry for a home-cooked meal, have we got a Stew for you. Just like our canine recipes, Caru Classic stews for cats are slow cooked in small batches to look, smell and taste like homemade. Crafted to nourish both cats and kittens, These human grade, GMO, grain and gluten free recipes are sure to bowl your pet over when they get a taste of these just like home Made meals.', 'https://www.petproducts.com/static/upload/products/assorted/caru-pet-food--classic-chicken-stew-grain-free-wet-cat-food-6-oz/53hswve.jpg'),
    (12, 'Iams Proactive Health Hairball Care Recipe Dry Cat Food, 16 lb', 20, 'food', 34, 'Every cat deserves to be healthy inside and out. Give your adult cat a complete and balanced feast, and help reduce hairball formation, with IAMS PROACTIVE HEALTH Hairball Care Dry Cat Food. This hearty cat food formula contains high-quality proteins for muscle maintenance. IAMS Food for Cats also features a tailored fiber blend, including prebiotics and beet pulp, to maximize nutrient absorption. This wholesome cat food, enriched with antioxidants for a healthy immune system, contains 0% fillers, as well as seven essential nutrients for a healthy heart. Keep your cat strong and healthy with IAMS PROACTIVE HEALTH Dry Food for Cats.', 'https://www.petproducts.com/static/upload/products/assorted/iams--proactive-health-hairball-care-recipe-dry-cat-food-16-lb/vs9b9d5.jpg'),
    (13, 'Inaba Cat Twin Cups Tuna & Chicken Recipe Cat Food Topper, 2.46 oz', 13, 'food', 2, 'Delight your furry friends with Twins: they''ll will love the succulent gelee with real meat. Why We Love It Delighting pets all over the world Convenient Auto-Ship Made with all natural ingredients.', 'https://www.petproducts.com/static/upload/products/assorted/inaba--cat-twin-cups-tuna+chicken-recipe-cat-food-topper-246-oz/mmodvqw.jpg'),
    (14, 'Instinct Grain-Free Chicken Formula Canned Cat Food, 5.5 oz, Case of 12', 35, 'food', 31, 'Instinct Grain-Free Chicken Formula Canned Cat Food is made with real chicken, fruits, and vegetables for the ultimate protein packed meal. Healthy omega fatty acids maintain a glossy skin and coat, plus real chicken for flavor and protein, cats all over town will be visiting for a tasty meaty meal! A completely grain-free recipe with zero fillers, rest easy knowing your feline friend is eating a healthy meal from pure chicken and wholesome fruits and vegetables. With Instinct Grain-Free Chicken Formula Canned Cat Food, your cat gets the protein, vitamins and nutrients they need to live the happy cat life. Why We Love It 95% real chicken, turkey, and liver Grain-free, gluten and filler-free', 'https://www.petproducts.com/static/upload/products/assorted/instinct--grain-free-chicken-formula-canned-cat-food-55-oz-case-of-12/yheejmo.jpg'),
    (15, 'Instinct Grain-Free Rabbit Formula Canned Cat Food, 3 oz, Case of 24', 17, 'food', 55, 'A nutritious, grain-free diet packed with real rabbit awaits with Instinct Grain-Free Rabbit Formula Canned Cat Food. Made with high quality protein and omega fatty acids to support healthy energy and a glossy coat and skin, Instinct Grain-Free Rabbit Canned Cat Food provides essential and balanced vitamins to grow and maintain a healthy weight. Since it''s made with 95% real rabbit meat and pork liver, cats go wild for the naturally delicious flavor. With high quality protein, vegetables, and fruits in every bite, your feline friends will be living the good life. Why We Love It Grain-free, high protein formula Balanced for all life stages and breeds Made with 95% real rabbit and pork liver', 'https://www.petproducts.com/static/upload/products/assorted/instinct--grain-free-rabbit-formula-canned-cat-food-3-oz-case-of-24/xi2hctq.jpg'),
    (16, 'Meow Mix Tender Favorites Real Chicken And Beef In Gravy Cat Food Cups - 2.75 oz, Case of 12', 35, 'food', 13, 'Now known as Meow Mix Tender Favorites, this terrific cat food is still great-tasting and jam-packed with the nutrition that your cat has always pounced upon. Meow Mix Tender Favorites Real Chicken and Beef in Gravy Cat Food Cup is just one of the many lip-smacking flavors that will have your cat dashing into the kitchen the second you open the can! Made with juicy, shredded pieces of chicken and beef then mixed into a savory gravy, Meow Mix Tender Favorites Real Chicken and Beef in Gravy Cat Food Cup is an exceptional meal that your kitty will enjoy again and again! At Meow Mix, we are solely focused on the happiness of cats. We know cats are part of the family. That''s why our products are developed to satisfy your cat''s taste buds, while giving you the comfort of knowing that he will be happy and healthy.', 'https://www.petproducts.com/static/upload/products/assorted/meow-mix--tender-favorites-real-chicken-and-beef-in-gravy-cat-food-cups-275-oz-case-of-12/sndwfrh.jpg'),
    (17, 'Nylabone Puppy Chew Dog Bone - Chicken Flavor - 4.5" Regular Size', 13, 'toy', 3, 'Nylabone Puppybone is specifically designed for teething puppies to encourage non-destructive chewing. Helps clean teeth. Helps control plaque and tartar. Not recommended for dogs with any adult teeth.', 'https://www.petproducts.com/static/upload/products/assorted/nylabone--puppy-chew-dog-bone-chicken-flavor/o6eoveo.jpg'),
    (18, 'Spot Dura-Fused Leather Squirrel Dog Toy', 18, 'toy', 6, 'It''s time to give your dog''s jaws a real challenge! Spot''s Dura-Fused Leather Squirrel Toy is built tough, made with real leather and super strong jute fabric and held together with double-stitched seams for ultimate durability.', 'https://www.petproducts.com/static/upload/products/assorted/spot--dura-fused-leather-squirrel-dog-toy/63w0i7c.jpg'),
    (19, 'Spot Skinneeez Plush Raccoon Dog Toy - Mini', 44, 'toy', 8, 'Bring out your dogs natural hunting instinct. Dogs will enjoy hours of entertainment flip flopping our stuffing free skinneez toys. All Skinneez toys have 2 squeakers. 1 in the head and 1 in the tail for double the fun.', 'https://www.petproducts.com/static/upload/products/assorted/spot--skinneeez-plush-raccoon-dog-toy-20-long-/nhtmz52.jpg'),
    (20, 'Flossy Chews Colored Rope Bone - Medium (12" Long)', 37, 'toy', 2, 'Mammoth Flossy Chews Color Rope Bones are made of natural select 100% cotton. Color Flossy Rope Bones clean your dog''s teeth and gums, whisking away plaque and tartar as he chews. These premium quality rope bones are tightly woven for long-lasting performance.', 'https://www.petproducts.com/static/upload/products/assorted/mammoth-flossy-chews-colored-rope-bone-medium-6-long-/gj6hwzc.jpg'),
    (21, 'Booda Soft Bite Hedgehog Dog Toy, Medium - 4.75" Long', 15, 'toy', 3, 'The grunting Hedgehog it a favorite among dogs in the know. He is cute, playful and makes the best sound!', 'https://www.petproducts.com/static/upload/products/assorted/booda--soft-bite-hedgehog-dog-toy-medium-475-long-/ghvkfmx.jpg'),
    (22, 'Chuckit! Classic Ball Launcher - 26 in', 22, 'toy', 21, 'The Chuckit, designed for hands-free pickup without bending over, is made to exercise your dog and not wear out your arm.', 'https://www.petproducts.com/static/upload/products/assorted/chuckit--classic-ball-launcher-26-in/clo38vu.jpg'),
    (23, 'Fat Cat Suspicious Chicken Flobbability Barnyard Bullies - (14" Long x 5.5" Wide)', 19, 'toy', 8, 'Maximum Floppability gives every dog somethin to cluck about! Barnyard Bullies Suspicious Chicken is for your dog! It has great floppy parts that whack your dog''s head when shaken about. Made of heavy-duty canvas, and contains a squeaker for more added fun!', 'https://www.petproducts.com/static/upload/products/assorted/fat-cat--suspicious-chicken-flobbability-barnyard-bullies-14-long-x-55-wide-/psv5cwq.jpg'),
    (24, 'KONG Squeakers Tennis Ball with Rope-2.5" diameter tennis ball; 15" long rope', 28, 'toy', 4, 'How do you make an Air KONG squeaker ball even better? Add a strong nylon throw rope so you can really get it going! These are real tennis ball toys, in an ultra-fetchable shape that''s great for play on land or in the water. Heavy duty toys will stand up to plenty of vigorous, supervised play.', 'https://www.petproducts.com/static/upload/products/assorted/kong--squeakers-tennis-ball-with-rope-25-diameter-tennis-ball-15-long-rope-/pwnfzau.jpg'),
    (25, 'Spot Skinneeez Plush Fox Dog Toy - 24 in', 17, 'toy', 10, 'Bring out your dogs natural hunting instinct. Dogs will enjoy hours of entertainment flip flopping our stuffing free skinneez toys. All Skinneez toys have 2 squeakers. 1 in the head and 1 in the tail for double the fun.', 'https://www.petproducts.com/static/upload/products/assorted/spot--skinneeez-plush-fox-dog-toy-24-in/jwq2tw8.jpg'),
    (26, 'Fahion Pet Arctic Fleece Dog Boots - Black - X-Small (2.25" Paw)', 11, 'fashion', 8, 'Spots Arctic Fleece Dog Boots feature a non-skid, PVC sole to protect your dogs paws from damp weather, chemicals, salted roads, and any other unfavorable condition. These boots are fastened with velcro for the ability to take them off easily -- but only when you want to.', 'https://www.petproducts.com/static/upload/products/assorted/fashion-pet-fahion-pet-arctic-fleece-dog-boots-black-x-small-225-paw/ea69xch.jpg'),
    (27, 'Fashion Pet Cable Knit Dog Sweater - Red - X-Small (8"-10" From Neck Base to Tail)', 48, 'fashion', 7, 'Classic Cable Sweater LG Red', 'https://www.petproducts.com/static/upload/products/assorted/fashion-pet--cable-knit-dog-sweater-red-x-small-8-10-from-neck-base-to-tail-/bu9nrtj.jpg'),
    (28, 'Outward Hound Pet Saver Life Jacket - Orange & Black - X-Small - Dogs 11-18 lbs (Girth 15"-19")', 31, 'fashion', 23, 'Our life jackets sport high visibility colors, multiple reflective strips, easy-grab handles, quick release buckles, and outstanding flotation. The unique, multi-handle design is constructed to add strength and durability for pulling dogs out of the water. The handles are a one piece sewn strap that wraps around the belly and back of the dog adding strength to the handle.', 'https://www.petproducts.com/static/upload/products/assorted/outward-hound--pet-saver-life-jacket-orange+black-x-small-dogs-11-18-lbs-girth-15-19-/115n7dr.jpg'),
    (29, 'Fahion Pet Arctic Fleece Dog Boots - Black - Small (2.75" Paw)', 35, 'fashion', 8, 'Spots Arctic Fleece Dog Boots feature a non-skid, PVC sole to protect your dogs paws from damp weather, chemicals, salted roads, and any other unfavorable condition. These boots are fastened with velcro for the ability to take them off easily -- but only when you want to.', 'https://www.petproducts.com/static/upload/products/assorted/fashion-pet-fahion-pet-arctic-fleece-dog-boots-black-small-275-paw-/rkbslfg.jpg'),
    (30, 'Outward Hound Pet Saver Life Jacket - Orange & Black - Xlarge', 21, 'fashion', 35, 'Our life jackets sport high visibility colors, multiple reflective strips, easy-grab handles, quick release buckles, and outstanding flotation. ?The unique, multi-handle design is constructed to add strength and durability for pulling dogs out of the water. ?The handles are a one piece sewn strap that wraps around the belly and back of the dog adding strength to the handle.', 'https://www.petproducts.com/static/upload/products/assorted/outward-hound--pet-saver-life-jacket-orange+black-xlarge/cungltn.jpg'),
    (31, 'Fashion Pet Gray Penguin Dog Sweater, X-Small (Fits 8"-10" Neck to Tail)', 21, 'fashion', 11, 'Your dog will be totally chill in this cozy grey penguin sweater by Fashion Pet Penguin design in Santa hat with pom pom Fold over collar and leash hole 100% Acrylic Extra soft Machine wash cold with like colors. Do not bleach. Air dry. Do not iron.', 'https://www.petproducts.com/static/upload/products/ethical-products/fashion-pet--gray-penguin-dog-sweater-x-small-fits-8-10-neck-to-tail/660204024525.jpg'),
    (32, 'Outward Hound Dawson Swimmer Life Jacket for Dogs, X-Small girth 11-15"', 37, 'fashion', 33, 'Outward Hound Dawson Swimmer Life Jacket for Dogs is constructed with ripstop material that provides maximum buoyancy in the water and doesn''t restrict movement on land.', 'https://www.petproducts.com/static/upload/products/assorted/outward-hound--dawson-swimmer-life-jacket-for-dogs-x-small-girth-11-15/xhf96qu.jpg');



insert into Cart(id, user_Id,  product_Id, cart_Item_Quantity)
values
    (1001, 1001, 1, 1),
    (1002, 1001, 2, 2),
    (1003, 1002, 2, 3),
    (1004, 1002, 3, 4),
    (1005, 1003, 3, 4),
    (1006, 1003, 4, 3),
    (1007, 1004, 4, 2),
    (1008, 1004, 4, 1),
    (1009, 1005, 5, 5),
    (1010, 1005, 5, 5);



insert into Ordered_Product (id , user_Id, product_Id, ordered_Product_Quantity, ordered_Product_Date )
values
    (1001, 1001, 5, 5, current_date()),
    (1002, 1001, 4, 4, current_date()),
    (1003, 1002, 4, 3, current_date()),
    (1004, 1002, 3, 2, current_date()),
    (1005, 1003, 3, 1, current_date()),
    (1006, 1003, 2, 2, current_date()),
    (1007, 1004, 2, 3, current_date()),
    (1008, 1004, 1, 1, current_date());

--
insert into Comment(id  , product_Id , user_Id , COMMENT_DESCRIPTION , comment_Date)
values
    (1001, 1, 1001, 'it''s ok', current_date()),
    (1002, 1, 1001,  'it''s fine', current_date()),
    (1003, 1, 1002,  'it''s wonderful', current_date()),
    (1004, 1, 1002,  'it''s amazing', current_date()),
    (1005, 1, 1003,  'it''s intersting', current_date()),
    (1006, 2, 1003, 'it''s boring', current_date()),
    (1007, 3, 1004,  'it''s broken', current_date()),
    (1008, 4, 1004,  'it''s good ', current_date()),
    (1009, 5, 1004,  'it''s good ', current_date()),
    (1010, 6, 1001,  'it''s good ', current_date()),
    (1011, 7, 1002,  'it''s good ', current_date()),
    (1012, 8, 1001,  'it''s good ', current_date()),
    (1013, 9, 1002,  'it''s good ',  '2023-05-12');



